{"r_squared": 0.9751692307757747, "rmse": 0.1575778195820255}