{"r_squared": 0.9707229238334956, "rmse": 0.1711054533511555}