{"r_squared": 0.9738245124270614, "rmse": 0.16178840370353706}