{"r_squared": 0.9738910532252015, "rmse": 0.1615826314143894}