{"r_squared": 0.9459431495080023, "rmse": 0.23250129137705397}