{"r_squared": 0.6935414529120796, "rmse": 0.5535869824046808}