{"r_squared": 0.9467178546152535, "rmse": 0.2308292559116945}