{"r_squared": 0.9778195229572608, "rmse": 0.14893111509264664}