{"r_squared": 0.6935364360698943, "rmse": 0.5535915136001506}