{"r_squared": 0.9798272986869249, "rmse": 0.14203063512170572}