{"r_squared": 0.693546241726102, "rmse": 0.5535826571289042}