{"r_squared": 0.9748450316111891, "rmse": 0.1586031789997}