{"r_squared": 0.8774625290665845, "rmse": 0.3500535258120041}