{"r_squared": 0.6935508030710551, "rmse": 0.5535785372726663}