{"r_squared": 0.30959813705832073, "rmse": 0.8309042441471094}