{"r_squared": 0.6705469578610387, "rmse": 0.5739800015148274}