{"r_squared": 0.8989726456234777, "rmse": 0.31784800514793604}