{"r_squared": 0.9566230446281389, "rmse": 0.20827135033859337}