{"r_squared": 0.9730996310616755, "rmse": 0.1640133193930434}