{"r_squared": 0.9748222952890212, "rmse": 0.1586748395650008}