{"r_squared": 0.6935414529120751, "rmse": 0.5535869824046847}