{"r_squared": 0.9424479700484073, "rmse": 28415.92867699194}