{"r_squared": 0.9798822246137991, "rmse": 0.14183714388763208}